<?xml version="1.0" encoding="UTF-8"?>
<!DOCTYPE mapper PUBLIC '-//mybatis.org/DTD Mapper 3.0//EN'
   'http://mybatis.org/dtd/mybatis-3-mapper.dtd'>
<mapper namespace='hyunmyungsoo.petmeet.dao.map.review.ReviewMap'>
	<select id='selectReviews' resultType='review'>
		select review_num reviewNum, review_file_name reviewFilename, 
				review_reg_date reviewRegdate, review_state reviewState, 
				review_content reviewContent, review_rating reviewRating, 
				user_id userId, sitter_num sitterNum, reservation_num reservNum
		from reviews
		order by review_num
	</select>
	
	<select id='selectReview' resultType='review'>
		select *
		from reviews
		where review_num = #{reviewNum}
	</select>
	
	<insert id="insertReview">
		insert into reviews
			(review_num, review_file_name, review_reg_date, 
			review_state, review_content, review_rating,
			user_id, sitter_num, reservation_num)
		values
			(reviews_reviewnum_seq.nextval, #{reviewFilename}, SYSDATE,
			  '작성완료', #{reviewContent}, #{reviewRating},
			  #{userId}, #{sitterNum}, #{reservNum})
	</insert>
	
	<update id="updateReview">
		update reviews
		set review_num = #{reviewNum},
			review_file_name = #{reviewFilename},
			review_content = #{reviewContent},
			review_rating = #{reviewRating}
		where review_num = #{reviewNum}
	</update>
	
	<delete id="deleteReview">
		delete from reviews
		where review_num = #{reviewNum}
	</delete>
</mapper>